"id","dams","miles","barriers"
"01001",92,5.120999813079834,0
"01003",71,1.093000054359436,100
"01005",439,1.3639999628067017,0
"01007",116,2.5220000743865967,6
"01009",257,1.3539999723434448,5
"01011",661,-0.09300000220537186,0
"01013",107,0.4729999899864197,0
"01015",59,30.827999114990234,4
"01017",609,0.5540000200271606,0
"01019",13,139.0970001220703,0
"01021",141,9.597999572753906,4
"01023",43,175.11300659179688,75
"01025",89,2.0940001010894775,0
"01027",195,1.0470000505447388,20
"01029",211,5.997000217437744,71
"01031",204,13.315999984741211,0
"01033",37,1.180999994277954,47
"01035",202,0.5699999928474426,194
"01037",119,9.734999656677246,0
"01039",1419,1.9759999513626099,18
"01041",112,0.5920000076293945,0
"01043",47,41.20199966430664,76
"01045",143,2.624000072479248,0
"01047",138,1.4759999513626099,0
"01049",132,1.3370000123977661,0
"01051",663,2.1459999084472656,0
"01053",104,0.9259999990463257,24
"01055",58,11.100000381469727,0
"01057",41,1.187999963760376,139
"01059",80,11.373000144958496,91
"01061",96,0.515999972820282,3
"01063",145,0.875,47
"01065",244,0.7730000019073486,39
"01067",243,2.1710000038146973,0
"01069",605,1.9170000553131104,83
"01071",95,0.7099999785423279,0
"01073",1122,0.40400001406669617,8
"01075",31,4.678999900817871,0
"01077",48,13.675000190734863,0
"01079",46,2.7690000534057617,16
"01081",1067,0.3149999976158142,0
"01083",46,0.8159999847412109,0
"01085",152,40.07699966430664,0
"01087",1002,0.06400000303983688,9
"01089",64,1.4500000476837158,0
"01091",87,0.7990000247955322,21
"01093",78,7.85699987411499,0
"01095",132,0.9110000133514404,0
"01097",113,3.140000104904175,0
"01099",129,20.128000259399414,5
"01101",606,-0.028999999165534973,0
"01103",62,0.5709999799728394,0
"01105",127,6.572000026702881,0
"01107",146,22.986000061035156,47
"01109",165,1.0670000314712524,0
"01111",584,2.299999952316284,19
"01113",773,0.003000000026077032,0
"01115",138,16.94499969482422,132
"01117",427,0.6880000233650208,0
"01119",154,73.62200164794922,102
"01121",84,6.474999904632568,18
"01123",620,-0.11500000208616257,0
"01125",1159,1.2510000467300415,122
"01127",74,32.93600082397461,55
"01129",72,2.263000011444092,0
"01131",71,29.81100082397461,0
"01133",15,8.751999855041504,20
"05001",72,28.509000778198242,0
"05003",11,2.003000020980835,0
"05005",103,62.26599884033203,5
"05007",369,3.6010000705718994,5
"05009",93,0.4009999930858612,0
"05011",34,0.1509999930858612,0
"05013",17,4.644000053405762,0
"05015",55,27.457000732421875,8
"05017",5,11.70300006866455,0
"05019",52,3.256999969482422,0
"05021",64,0.13099999725818634,0
"05023",341,4.658999919891357,0
"05025",25,0.2540000081062317,0
"05027",54,0.21299999952316284,0
"05029",274,6.988999843597412,47
"05031",39,0.8420000076293945,0
"05033",105,9.175999641418457,338
"05035",1,-1.0,0
"05037",34,0.7609999775886536,0
"05039",47,0.3490000069141388,0
"05041",3,3041.31591796875,0
"05043",17,26.780000686645508,0
"05045",259,1.7330000400543213,0
"05047",133,17.433000564575195,245
"05049",130,1.3009999990463257,10
"05051",135,5.868000030517578,12
"05053",45,0.7749999761581421,0
"05055",76,0.4480000138282776,0
"05057",51,0.9710000157356262,0
"05059",124,1.2829999923706055,0
"05061",58,8.151000022888184,0
"05063",172,6.849999904632568,0
"05065",66,1.3109999895095825,20
"05067",22,0.25,0
"05069",38,10.553999900817871,0
"05071",88,1.9850000143051147,366
"05073",15,2.0859999656677246,0
"05075",60,25.871000289916992,1
"05077",6,3.744999885559082,0
"05079",27,4.203000068664551,0
"05081",18,277.29901123046875,0
"05083",133,2.177999973297119,260
"05085",41,0.5799999833106995,0
"05087",60,0.8759999871253967,168
"05089",24,0.11800000071525574,0
"05091",57,0.8379999995231628,0
"05093",2,0.9039999842643738,0
"05095",5,2.875,0
"05097",56,1.5850000381469727,62
"05099",46,0.25600001215934753,0
"05101",69,0.6740000247955322,329
"05103",41,2.5810000896453857,0
"05105",61,48.500999450683594,20
"05107",6,3.9579999446868896,0
"05109",65,7.6479997634887695,0
"05111",37,4.743000030517578,0
"05113",87,5.310999870300293,81
"05115",150,15.98900032043457,593
"05117",18,8.854000091552734,0
"05119",191,5.748000144958496,0
"05121",87,1.8760000467300415,0
"05123",13,-0.1340000033378601,0
"05125",195,1.1629999876022339,49
"05127",80,2.9600000381469727,11
"05129",84,0.1589999943971634,33
"05131",103,21.11199951171875,0
"05133",43,16.263999938964844,0
"05135",120,0.9300000071525574,39
"05137",75,0.4869999885559082,13
"05139",33,263.3190002441406,0
"05141",192,0.8920000195503235,139
"05143",323,2.9189999103546143,69
"05145",382,0.7860000133514404,0
"05149",52,23.33799934387207,95
"08009",8,4.697999954223633,0
"08071",3,-1.0,0
"11001",16,1.9019999504089355,0
"12001",6,65.04499816894531,0
"12005",103,-0.5929999947547913,4
"12007",1,7.638000011444092,0
"12009",0,0.0,24
"12011",16,5.638000011444092,0
"12013",385,-0.3179999887943268,49
"12015",10,18.02899932861328,22
"12017",6,43.38600158691406,16
"12019",10,-0.014000000432133675,0
"12023",4,-0.05299999937415123,0
"12027",1,11.628999710083008,33
"12029",5,2.0480000972747803,0
"12031",8,0.28700000047683716,0
"12033",139,1.5889999866485596,130
"12037",204,-0.8790000081062317,2
"12039",339,6.086999893188477,75
"12043",23,4.544000148773193,0
"12045",217,-0.7429999709129333,17
"12047",35,-0.5920000076293945,0
"12049",14,0.07100000232458115,70
"12051",17,0.722000002861023,0
"12053",11,-0.7950000166893005,10
"12055",12,31.141000747680664,4
"12057",77,1.75,0
"12059",92,1.0449999570846558,63
"12061",6,-0.08799999952316284,18
"12063",944,-0.6370000243186951,138
"12065",39,2.684000015258789,0
"12067",3,-0.6129999756813049,0
"12069",39,7.798999786376953,9
"12071",1,203.947998046875,0
"12073",132,0.19200000166893005,45
"12075",2,11.223999977111816,2
"12077",139,-0.49900001287460327,31
"12079",1,1.3279999494552612,0
"12081",15,23.20199966430664,2
"12083",3,52.229000091552734,6
"12085",6,19.447999954223633,0
"12086",35,1.565999984741211,0
"12087",1,0.0,0
"12089",4,1.4889999628067017,0
"12091",1053,0.06199999898672104,41
"12093",20,20.04400062561035,0
"12095",105,-0.11500000208616257,38
"12097",16,40.38999938964844,40
"12099",45,3.2049999237060547,0
"12101",2,29.243999481201172,8
"12103",9,1.0049999952316284,0
"12105",221,0.8429999947547913,124
"12107",9,41.79800033569336,0
"12111",12,2.0739998817443848,0
"12113",205,-0.19099999964237213,127
"12115",13,0.8259999752044678,0
"12117",27,0.15000000596046448,30
"12119",8,4.547999858856201,39
"12121",2,0.34599998593330383,0
"12123",2,11.928000450134277,0
"12125",2,1.281000018119812,0
"12127",1,6.929999828338623,0
"12129",10,-0.4690000116825104,9
"12131",655,0.1509999930858612,51
"12133",101,-0.09300000220537186,33
"13001",21,0.8140000104904175,0
"13003",14,1.6970000267028809,0
"13005",27,0.8119999766349792,0
"13007",247,1.5870000123977661,0
"13009",74,8.218999862670898,0
"13011",38,2.864000082015991,0
"13013",295,0.13099999725818634,0
"13015",105,6.331999778747559,5
"13017",104,1.062999963760376,0
"13019",124,1.3819999694824219,0
"13021",76,7.763000011444092,0
"13023",54,1.7519999742507935,0
"13025",7,2.249000072479248,0
"13027",64,1.8940000534057617,0
"13029",5,3.6710000038146973,0
"13031",141,5.13100004196167,0
"13033",122,4.703999996185303,0
"13035",18,3.755000114440918,0
"13037",348,0.7879999876022339,0
"13039",1,-1.0,0
"13043",58,2.3970000743865967,0
"13045",1183,0.24899999797344208,0
"13047",53,13.423999786376953,1
"13049",5,53.03200149536133,0
"13051",3,-1.0,0
"13053",109,1.340999960899353,0
"13055",21,10.812000274658203,10
"13057",142,1.2999999523162842,10
"13059",298,0.5109999775886536,0
"13061",147,9.194000244140625,0
"13063",198,-0.2840000092983246,0
"13065",7,2.680999994277954,0
"13067",754,-0.20200000703334808,0
"13069",89,2.489000082015991,0
"13071",326,0.9490000009536743,0
"13073",65,13.934000015258789,0
"13075",55,21.19700050354004,0
"13077",1232,0.14100000262260437,0
"13079",262,0.2750000059604645,7
"13081",478,-0.11299999803304672,0
"13083",67,2.9539999961853027,1
"13085",43,3.3529999256134033,14
"13087",506,-0.550000011920929,0
"13089",177,0.2939999997615814,0
"13091",90,3.061000108718872,0
"13093",304,0.4230000078678131,0
"13095",418,0.6570000052452087,0
"13097",497,0.2280000001192093,0
"13099",609,-0.15399999916553497,0
"13101",2,0.11500000208616257,0
"13103",27,1.815000057220459,0
"13105",19,1.9780000448226929,0
"13107",97,3.8469998836517334,0
"13109",47,3.127000093460083,0
"13111",64,7.39300012588501,8
"13113",673,-0.12099999934434891,0
"13115",58,33.57400131225586,7
"13117",349,0.9200000166893005,1
"13119",14,3.8350000381469727,0
"13121",974,0.04699999839067459,0
"13123",214,1.7259999513626099,5
"13125",11,4.4629998207092285,0
"13129",272,0.6679999828338623,0
"13131",280,0.22699999809265137,0
"13133",46,2.1429998874664307,0
"13135",313,0.6159999966621399,0
"13137",280,0.27300000190734863,0
"13139",346,-0.04899999871850014,2
"13141",50,15.0600004196167,0
"13143",441,1.0010000467300415,0
"13145",900,0.6269999742507935,0
"13147",24,2.0190000534057617,0
"13149",411,0.3449999988079071,0
"13151",112,6.960999965667725,0
"13153",76,1.6139999628067017,2
"13155",183,1.0180000066757202,0
"13157",899,0.1469999998807907,5
"13159",59,12.880999565124512,0
"13161",25,0.2460000067949295,0
"13163",61,3.8980000019073486,0
"13165",30,2.51200008392334,0
"13167",34,4.4120001792907715,0
"13169",80,2.1410000324249268,0
"13171",189,0.4729999899864197,0
"13173",8,0.3970000147819519,0
"13175",160,1.9919999837875366,0
"13177",315,0.028999999165534973,0
"13179",15,12.628000259399414,0
"13181",6,-0.017000000923871994,0
"13183",8,1.7269999980926514,0
"13185",43,1.180999994277954,0
"13187",128,0.8399999737739563,53
"13189",46,5.623000144958496,0
"13193",290,0.7820000052452087,0
"13195",125,2.062000036239624,0
"13197",391,0.6340000033378601,0
"13199",987,-0.1899999976158142,0
"13201",341,-0.47200000286102295,0
"13205",787,-0.5220000147819519,0
"13207",87,10.583000183105469,0
"13209",39,1.4900000095367432,0
"13211",84,2.007999897003174,0
"13213",34,17.624000549316406,4
"13215",356,0.3319999873638153,0
"13217",57,6.334000110626221,0
"13219",388,0.6340000033378601,0
"13221",172,0.1720000058412552,0
"13223",390,0.24799999594688416,0
"13225",22,3.8440001010894775,1
"13227",135,1.2710000276565552,1
"13229",19,1.1150000095367432,0
"13231",682,-0.38199999928474426,0
"13233",86,3.0869998931884766,0
"13235",41,3.7130000591278076,0
"13237",38,28.351999282836914,0
"13239",50,0.7829999923706055,0
"13241",26,3.700000047683716,90
"13243",320,0.27399998903274536,0
"13245",73,22.58300018310547,0
"13247",64,4.789000034332275,0
"13249",180,0.4819999933242798,0
"13251",63,2.930999994277954,0
"13253",264,-0.48399999737739563,0
"13255",372,0.09399999678134918,0
"13257",28,4.553999900817871,0
"13259",257,0.42100000381469727,0
"13261",525,0.4309999942779541,0
"13263",496,-0.19599999487400055,0
"13265",7,0.09399999678134918,2
"13267",90,22.850000381469727,0
"13269",353,0.6539999842643738,0
"13271",64,8.1899995803833,0
"13273",321,0.32600000500679016,0
"13275",108,1.4709999561309814,0
"13277",186,0.9470000267028809,0
"13279",100,2.1470000743865967,0
"13281",19,3.311000108718872,0
"13283",50,4.348999977111816,0
"13285",689,0.5680000185966492,0
"13287",202,0.574999988079071,0
"13289",50,4.693999767303467,0
"13291",41,12.510000228881836,65
"13293",529,-0.17399999499320984,0
"13295",77,4.34499979019165,2
"13297",60,2.13100004196167,1
"13299",8,2.805999994277954,0
"13301",50,3.0799999237060547,0
"13303",148,2.680000066757202,0
"13305",39,1.0140000581741333,0
"13307",209,0.460999995470047,0
"13309",46,0.6690000295639038,0
"13311",225,0.6269999742507935,1
"13313",41,1.8519999980926514,3
"13315",74,2.575000047683716,0
"13317",29,1.6579999923706055,1
"13319",75,4.234000205993652,0
"13321",700,0.5590000152587891,0
"17001",18,275.5610046386719,0
"17003",3,17.354000091552734,0
"17005",13,0.8769999742507935,0
"17013",1,1937.823974609375,0
"17021",1,1.4850000143051147,0
"17027",15,258.218994140625,0
"17029",1,-1.0,0
"17041",1,1.6399999856948853,0
"17051",13,5.973999977111816,0
"17055",33,34.63399887084961,0
"17059",11,0.5509999990463257,0
"17065",9,1.2610000371932983,0
"17067",4,8.694999694824219,0
"17069",4,1.1019999980926514,0
"17077",21,12.36299991607666,0
"17081",27,1.4550000429153442,0
"17083",18,0.621999979019165,0
"17087",18,4.064000129699707,0
"17117",23,1.8380000591278076,0
"17119",58,2.9089999198913574,0
"17121",16,12.47700023651123,0
"17127",4,3.8399999141693115,0
"17133",21,2.674999952316284,0
"17135",41,14.86400032043457,0
"17139",3,1.687000036239624,0
"17145",13,14.032999992370605,0
"17149",7,1.2070000171661377,0
"17151",5,21.21299934387207,0
"17153",4,0.4000000059604645,0
"17157",26,217.57699584960938,0
"17163",55,2.0420000553131104,0
"17165",23,2.9509999752044678,0
"17173",5,271.23199462890625,0
"17181",8,1.503000020980835,0
"17189",13,2.249000072479248,0
"17193",2,1.1089999675750732,0
"17199",31,21.54800033569336,0
"18019",17,6.38100004196167,0
"18025",3,6.442999839782715,0
"18029",7,0.7580000162124634,0
"18037",9,0.30399999022483826,0
"18043",6,2.6459999084472656,0
"18047",1,0.22499999403953552,0
"18061",6,9.416999816894531,0
"18077",1,0.0,0
"18123",12,30.437999725341797,0
"18129",1,1.7380000352859497,0
"18137",10,119.02200317382812,0
"18143",1,0.10100000351667404,0
"18147",9,3.7300000190734863,0
"18155",5,1.0160000324249268,0
"18163",9,0.48100000619888306,0
"18173",3,-0.2939999997615814,0
"18175",6,11.973999977111816,0
"19001",50,0.6359999775886536,0
"19003",57,1.569000005722046,0
"19007",91,2.3550000190734863,0
"19009",83,0.7549999952316284,0
"19015",16,6.999000072479248,0
"19021",5,-0.6480000019073486,0
"19025",2,-1.0,0
"19027",10,2.7980000972747803,0
"19029",78,0.9639999866485596,0
"19039",52,2.134000062942505,0
"19047",2,0.777999997138977,0
"19049",60,3.9159998893737793,0
"19051",128,0.8799999952316284,0
"19053",86,20.621999740600586,0
"19059",1,21.420000076293945,0
"19063",5,0.37400001287460327,0
"19071",66,0.8379999995231628,0
"19073",18,19.933000564575195,0
"19077",56,6.083000183105469,0
"19079",3,3.572999954223633,0
"19091",7,5.14900016784668,0
"19099",1,0.7020000219345093,0
"19101",6,0.41200000047683716,0
"19109",6,27.593000411987305,0
"19111",11,1.440000057220459,0
"19117",85,1.9509999752044678,0
"19121",74,1.3700000047683716,0
"19123",12,0.23100000619888306,0
"19125",39,62.979000091552734,0
"19129",78,1.1360000371932983,0
"19135",80,1.8839999437332153,0
"19137",43,3.3380000591278076,0
"19145",29,0.9929999709129333,0
"19147",3,19.3700008392334,0
"19151",8,5.993000030517578,0
"19153",63,58.73500061035156,0
"19155",29,0.9980000257492065,0
"19159",161,1.7319999933242798,0
"19161",4,2.3559999465942383,0
"19165",5,2.9110000133514404,0
"19173",64,12.965999603271484,0
"19175",124,2.013000011444092,0
"19177",44,2.0989999771118164,0
"19179",44,55.95800018310547,0
"19181",101,0.5540000200271606,0
"19185",77,6.736000061035156,2
"19187",15,32.34700012207031,0
"19189",1,0.3479999899864197,0
"20001",24,9.394000053405762,0
"20003",54,5.146999835968018,0
"20005",178,-0.6389999985694885,0
"20007",92,2.8910000324249268,0
"20011",93,4.793000221252441,0
"20013",231,0.6639999747276306,0
"20015",12,5.947000026702881,0
"20017",93,39.32500076293945,0
"20019",85,7.672999858856201,0
"20021",8,525.14501953125,1
"20025",19,19.645999908447266,0
"20027",3,-1.0,0
"20031",61,3.8269999027252197,0
"20033",27,6.883999824523926,0
"20035",60,5.6570000648498535,0
"20037",65,2.1489999294281006,0
"20043",96,1.1779999732971191,0
"20045",112,-0.3440000116825104,0
"20049",94,8.081000328063965,0
"20059",69,3.5739998817443848,0
"20061",7,-1.0,0
"20067",7,95.80599975585938,0
"20069",3,5.047999858856201,0
"20073",169,11.569000244140625,0
"20075",5,3.2860000133514404,0
"20077",22,7.434999942779541,0
"20079",3,4.501999855041504,0
"20085",257,-1.0,0
"20087",313,-1.0,0
"20091",108,0.024000000208616257,0
"20093",1,0.3659999966621399,0
"20095",6,3.3239998817443848,0
"20097",6,4.625,0
"20099",59,2.7709999084472656,0
"20103",168,-0.7110000252723694,0
"20107",83,2.740000009536743,0
"20111",115,2.7149999141693115,0
"20115",20,32.98500061035156,0
"20117",136,-0.9819999933242798,0
"20119",18,5.638000011444092,0
"20121",73,1.1720000505447388,0
"20125",43,88.40299987792969,0
"20127",49,2.1440000534057617,0
"20131",205,0.2800000011920929,0
"20133",67,3.197000026702881,0
"20139",62,30.333999633789062,0
"20149",95,-1.0,0
"20151",1,4.696000099182129,0
"20157",8,-1.0,0
"20161",18,-1.0,0
"20175",6,0.75,0
"20177",173,-1.0,0
"20187",12,56.44900131225586,0
"20189",8,2.062999963760376,0
"20191",3,13.14900016784668,0
"20197",59,-0.5920000076293945,0
"20201",41,-1.0,0
"20205",45,4.056000232696533,0
"20207",46,4.178999900817871,0
"20209",45,-0.10199999809265137,0
"21001",11,1.0850000381469727,0
"21003",23,46.529998779296875,0
"21005",13,2.128000020980835,0
"21007",16,2.6740000247955322,0
"21009",31,0.4259999990463257,0
"21011",48,1.0399999618530273,30
"21013",41,5.14900016784668,1
"21015",56,1.9259999990463257,0
"21017",10,56.16600036621094,0
"21019",11,1.1829999685287476,0
"21021",3,18.607999801635742,0
"21023",12,618.4650268554688,0
"21025",18,1.437000036239624,0
"21027",21,45.10599899291992,0
"21029",57,1.25600004196167,0
"21031",52,2.622999906539917,0
"21033",24,6.744999885559082,0
"21035",29,2.6010000705718994,0
"21037",23,1.4160000085830688,0
"21039",40,0.25,0
"21041",12,1.1180000305175781,0
"21043",30,18.6200008392334,0
"21045",20,1.0609999895095825,0
"21047",52,7.202000141143799,0
"21049",13,26.290000915527344,0
"21051",44,0.6029999852180481,34
"21053",5,-0.03200000151991844,0
"21055",18,0.8389999866485596,0
"21057",2,0.7559999823570251,0
"21059",20,-0.0820000022649765,0
"21061",25,66.55799865722656,0
"21063",14,3.638000011444092,0
"21065",11,21.81100082397461,5
"21067",32,2.311000108718872,0
"21069",41,2.131999969482422,0
"21071",30,8.885000228881836,0
"21073",12,45.49300003051758,0
"21075",2,0.3179999887943268,0
"21077",13,385.17999267578125,0
"21079",8,43.75899887084961,0
"21081",17,2.928999900817871,0
"21083",59,1.1729999780654907,0
"21085",31,5.256999969482422,0
"21087",5,0.11800000071525574,0
"21089",34,2.0940001010894775,0
"21091",16,474.0509948730469,0
"21093",28,2.805999994277954,0
"21095",77,3.23799991607666,0
"21097",10,46.944000244140625,0
"21099",12,0.8299999833106995,0
"21101",17,564.1849975585938,0
"21103",22,25.993000030517578,0
"21105",18,0.0729999989271164,0
"21107",91,0.7149999737739563,0
"21109",33,0.7749999761581421,99
"21111",48,105.60199737548828,0
"21113",11,0.24899999797344208,0
"21115",16,3.3929998874664307,0
"21117",25,3.0789999961853027,0
"21119",36,4.632999897003174,0
"21121",59,0.5389999747276306,0
"21123",22,3.2170000076293945,0
"21125",67,10.411999702453613,29
"21127",24,22.256999969482422,0
"21129",28,18.266000747680664,29
"21131",26,13.600000381469727,99
"21133",43,5.394999980926514,0
"21135",13,2.2679998874664307,0
"21137",36,2.7639999389648438,0
"21139",21,264.0719909667969,0
"21141",32,13.527999877929688,0
"21143",9,0.7609999775886536,17
"21145",19,0.6499999761581421,0
"21147",31,0.5680000185966492,89
"21149",5,438.1300048828125,0
"21151",25,40.11199951171875,0
"21153",26,0.8330000042915344,0
"21155",40,13.074000358581543,0
"21157",29,2.6050000190734863,0
"21159",27,0.9900000095367432,0
"21161",31,1.0130000114440918,0
"21163",4,12.666999816894531,0
"21165",13,3.490000009536743,111
"21167",9,25.510000228881836,0
"21169",9,1.2309999465942383,0
"21171",23,0.9359999895095825,0
"21173",38,8.166000366210938,0
"21175",16,0.3009999990463257,7
"21177",135,17.367000579833984,0
"21179",139,0.6389999985694885,0
"21181",11,0.22300000488758087,0
"21183",63,0.5080000162124634,0
"21185",36,3.7269999980926514,0
"21187",11,45.20100021362305,0
"21189",10,0.6819999814033508,1
"21191",5,14.833999633789062,0
"21193",50,1.062000036239624,1
"21195",69,14.255000114440918,0
"21197",18,3.890000104904175,49
"21199",52,0.1679999977350235,26
"21201",1,0.5690000057220459,0
"21203",21,2.075000047683716,22
"21205",28,0.22499999403953552,186
"21207",20,126.18099975585938,0
"21209",23,3.1549999713897705,0
"21211",44,4.953999996185303,0
"21213",6,26.29800033569336,0
"21215",13,75.04299926757812,0
"21217",30,60.74599838256836,0
"21219",23,6.581999778747559,0
"21221",14,5.1519999504089355,66
"21223",7,0.45399999618530273,0
"21225",15,380.6700134277344,0
"21227",16,97.8489990234375,0
"21229",42,0.5550000071525574,0
"21231",18,0.5149999856948853,0
"21233",18,1.1119999885559082,0
"21235",74,1.0889999866485596,21
"21237",17,0.4440000057220459,8
"21239",18,18.02400016784668,0
"22001",5,-1.0,0
"22003",16,-0.7490000128746033,0
"22005",6,-0.824999988079071,0
"22007",2,-1.0,0
"22009",3,-0.6169999837875366,0
"22011",31,6.228000164031982,0
"22013",17,108.13200378417969,0
"22015",26,56.8120002746582,0
"22017",62,173.3280029296875,0
"22019",6,-0.5559999942779541,0
"22021",8,-0.75,0
"22025",12,8.902999877929688,0
"22027",26,42.79899978637695,0
"22029",2,-0.46399998664855957,0
"22031",62,1.2519999742507935,0
"22033",14,1.812000036239624,0
"22037",56,0.10899999737739563,0
"22039",28,3.503000020980835,0
"22041",4,118.85399627685547,0
"22043",16,67.40699768066406,81
"22045",1,0.01899999938905239,0
"22049",11,2.8429999351501465,0
"22053",2,0.0430000014603138,0
"22057",3,-1.0,0
"22059",6,0.41100001335144043,0
"22061",42,-0.421999990940094,0
"22063",4,-0.6980000138282776,0
"22067",9,9.493000030517578,0
"22069",35,144.4459991455078,125
"22071",1,-1.0,0
"22073",14,12.65999984741211,0
"22077",4,14.659000396728516,0
"22079",28,22.621000289916992,24
"22081",9,225.8509979248047,0
"22083",4,15.755000114440918,0
"22085",19,328.4530029296875,0
"22091",26,0.024000000208616257,0
"22097",7,9.83899974822998,0
"22099",6,-0.2549999952316284,0
"22101",1,-1.0,0
"22103",40,9.027999877929688,0
"22105",47,0.9789999723434448,0
"22107",2,56.560001373291016,0
"22111",18,68.62200164794922,0
"22115",35,18.56100082397461,89
"22117",61,26.010000228881836,0
"22119",33,2.6760001182556152,0
"22123",3,-0.10100000351667404,0
"22125",41,-0.23800000548362732,0
"22127",10,127.9229965209961,19
"24001",21,152.11599731445312,0
"24013",4,50.57699966430664,0
"24017",25,7.506999969482422,0
"24021",25,15.930999755859375,0
"24023",8,1.690000057220459,0
"24031",75,39.9119987487793,0
"24033",96,1.9299999475479126,0
"24037",18,7.086999893188477,0
"24043",44,16.714000701904297,0
"28001",78,1.6540000438690186,0
"28003",64,3.4149999618530273,0
"28005",48,5.422999858856201,23
"28007",87,0.7020000219345093,0
"28009",143,0.9430000185966492,24
"28011",27,6.544000148773193,0
"28013",71,0.3970000147819519,3
"28015",203,2.7009999752044678,0
"28017",54,3.8340001106262207,0
"28019",42,0.9980000257492065,0
"28021",48,0.4440000057220459,0
"28023",99,3.740000009536743,0
"28025",35,0.36500000953674316,0
"28027",6,3.2869999408721924,0
"28029",78,0.5440000295639038,0
"28031",101,22.20800018310547,0
"28033",136,12.62399959564209,0
"28035",110,1.25,0
"28037",25,5.296999931335449,43
"28039",78,0.7670000195503235,0
"28041",62,129.12899780273438,39
"28043",59,46.66999816894531,0
"28045",38,2.0969998836517334,0
"28047",91,0.46299999952316284,0
"28049",300,0.5789999961853027,0
"28051",102,2.2239999771118164,0
"28053",60,-1.0,0
"28055",1,2.927000045776367,0
"28057",92,6.019999980926514,7
"28059",13,2.072000026702881,0
"28061",104,1.628000020980835,0
"28063",36,0.5860000252723694,5
"28065",109,1.187000036239624,0
"28067",183,2.7960000038146973,65
"28069",79,2.257999897003174,0
"28071",206,0.7179999947547913,172
"28073",106,1.406999945640564,0
"28075",280,4.679999828338623,0
"28077",28,0.4359999895095825,0
"28079",56,1.5360000133514404,0
"28081",90,2.6600000858306885,0
"28083",13,14.463000297546387,0
"28085",68,1.8799999952316284,2
"28087",82,39.75899887084961,11
"28089",196,7.453000068664551,0
"28091",92,1.0329999923706055,0
"28093",187,0.5289999842643738,27
"28095",95,0.2759999930858612,44
"28097",63,0.8159999847412109,0
"28099",102,1.8990000486373901,0
"28101",115,3.2860000133514404,0
"28103",84,1.7450000047683716,0
"28105",110,0.734000027179718,0
"28107",157,16.606000900268555,0
"28109",195,0.6890000104904175,0
"28111",44,0.7250000238418579,0
"28113",64,1.8329999446868896,0
"28115",76,2.760999917984009,41
"28117",66,1.3519999980926514,1
"28119",2,-1.0,0
"28121",125,3.628000020980835,0
"28123",84,4.315999984741211,0
"28125",1,-1.0,0
"28127",129,0.39100000262260437,0
"28129",141,0.9599999785423279,0
"28131",128,0.8870000243186951,0
"28133",30,7.047999858856201,0
"28135",100,3.180000066757202,0
"28137",105,0.04399999976158142,0
"28139",101,1.0130000114440918,47
"28141",40,4.809999942779541,120
"28143",13,0.8360000252723694,0
"28145",73,0.7760000228881836,90
"28147",53,5.480000019073486,0
"28149",78,0.6959999799728394,0
"28151",35,99.0479965209961,0
"28153",65,1.680999994277954,156
"28155",58,0.7860000133514404,0
"28157",46,-0.11800000071525574,4
"28159",56,2.865999937057495,0
"28161",96,12.071000099182129,4
"28163",113,1.3509999513626099,0
"29001",100,0.6869999766349792,0
"29003",35,0.9309999942779541,0
"29005",51,0.4359999895095825,0
"29007",129,0.6890000104904175,0
"29009",117,0.5170000195503235,378
"29011",44,1.1160000562667847,78
"29013",70,0.8930000066757202,4
"29015",163,27.30500030517578,34
"29017",114,0.22499999403953552,28
"29019",233,0.6380000114440918,41
"29021",42,0.9070000052452087,0
"29023",71,0.6539999842643738,284
"29025",67,0.6959999799728394,0
"29027",260,0.5379999876022339,84
"29029",112,13.126999855041504,22
"29031",125,0.3199999928474426,6
"29033",216,0.47699999809265137,0
"29035",53,1.0299999713897705,380
"29037",172,1.4579999446868896,0
"29039",70,12.17300033569336,5
"29041",73,0.41499999165534973,15
"29043",108,0.8709999918937683,153
"29045",86,0.25099998712539673,0
"29047",109,7.749000072479248,1
"29049",37,3.0369999408721924,17
"29051",109,0.3959999978542328,1
"29053",141,0.26499998569488525,12
"29055",154,0.7350000143051147,466
"29057",85,0.4390000104904175,13
"29059",119,0.19699999690055847,24
"29061",69,1.1549999713897705,11
"29063",76,5.080999851226807,7
"29065",176,0.5479999780654907,390
"29067",71,1.3020000457763672,134
"29069",7,0.029999999329447746,0
"29071",252,0.3490000069141388,219
"29073",146,0.6129999756813049,65
"29075",24,2.239000082015991,1
"29077",224,3.500999927520752,2
"29079",92,0.5550000071525574,0
"29081",377,0.8700000047683716,22
"29083",88,5.928999900817871,0
"29085",37,40.09600067138672,2
"29087",46,0.7509999871253967,0
"29089",146,0.7680000066757202,0
"29091",180,0.5559999942779541,296
"29093",95,1.934999942779541,375
"29095",214,1.440000057220459,5
"29097",27,2.625,374
"29099",268,0.6150000095367432,168
"29101",115,1.3830000162124634,0
"29103",127,0.3779999911785126,0
"29105",257,0.23000000417232513,163
"29107",271,0.6729999780654907,0
"29109",226,0.3919999897480011,431
"29111",184,0.3709999918937683,0
"29113",203,0.5440000295639038,0
"29115",101,0.5429999828338623,31
"29117",109,0.597000002861023,0
"29119",16,2.4159998893737793,18
"29121",97,2.9769999980926514,0
"29123",87,2.1459999084472656,239
"29125",70,0.42399999499320984,76
"29127",72,0.0689999982714653,0
"29129",82,0.5870000123977661,0
"29131",126,35.12900161743164,41
"29133",4,2.990000009536743,0
"29135",68,0.4429999887943268,7
"29137",80,3.177000045776367,0
"29139",156,0.4490000009536743,0
"29141",101,0.32199999690055847,7
"29143",1,-1.0,0
"29145",31,3.9079999923706055,436
"29147",135,1.0399999618530273,2
"29149",115,0.5690000057220459,553
"29151",70,0.39500001072883606,10
"29153",49,14.82699966430664,190
"29155",3,-1.0,0
"29157",70,0.7509999871253967,14
"29159",135,0.5350000262260437,45
"29161",131,0.5550000071525574,428
"29163",224,9.225000381469727,7
"29165",112,0.652999997138977,0
"29167",125,0.4339999854564667,13
"29169",52,0.9950000047683716,223
"29171",142,0.8619999885559082,5
"29173",86,51.45800018310547,0
"29175",97,4.388999938964844,0
"29177",111,0.8610000014305115,0
"29179",68,2.194999933242798,386
"29181",76,3.928999900817871,303
"29183",174,26.67300033569336,0
"29185",94,1.0549999475479126,7
"29186",129,1.2940000295639038,50
"29187",147,0.968999981880188,63
"29189",98,0.44200000166893005,172
"29195",162,0.2409999966621399,6
"29197",128,-0.06700000166893005,0
"29199",79,0.6570000052452087,0
"29201",33,1.9950000047683716,0
"29203",57,0.8130000233650208,505
"29205",46,1.8769999742507935,0
"29207",62,4.5229997634887695,0
"29209",50,0.9559999704360962,52
"29211",265,0.6299999952316284,15
"29213",47,37.33000183105469,140
"29215",132,0.45399999618530273,245
"29217",49,0.9559999704360962,27
"29219",209,0.6100000143051147,0
"29221",243,1.0529999732971191,488
"29223",84,24.867000579833984,394
"29225",264,0.20399999618530273,5
"29227",96,0.4749999940395355,1
"29229",60,2.7929999828338623,37
"29510",2,-0.49799999594688416,0
"31001",26,-1.0,0
"31023",14,-1.0,0
"31025",48,3.303999900817871,0
"31035",29,-1.0,0
"31059",8,-1.0,0
"31067",194,-0.2409999966621399,0
"31079",1,-1.0,0
"31081",18,-1.0,0
"31095",65,-1.0,0
"31097",76,3.4560000896453857,0
"31099",14,-1.0,0
"31109",38,3.0380001068115234,0
"31127",34,2.5269999504089355,0
"31129",66,-1.0,0
"31131",141,2.8910000324249268,0
"31133",90,0.421999990940094,0
"31143",15,-1.0,0
"31147",54,1.7790000438690186,0
"31151",72,-1.0,0
"31159",30,-1.0,0
"31169",42,-1.0,0
"31181",11,-1.0,0
"31185",18,-1.0,0
"35005",6,-1.0,0
"35007",39,-1.0,0
"35009",5,13.425999641418457,0
"35011",1,-1.0,0
"35013",52,16.035999298095703,0
"35015",18,-1.0,0
"35017",16,2.50600004196167,0
"35019",4,-1.0,0
"35021",2,-1.0,0
"35025",3,-1.0,0
"35027",4,-1.0,0
"35029",9,8.37600040435791,0
"35033",5,-1.0,0
"35035",7,-0.5360000133514404,0
"35037",3,-1.0,0
"35047",9,-1.0,0
"35049",1,9.470000267028809,0
"35051",17,93.52100372314453,0
"35057",1,3.5399999618530273,0
"35059",20,33.10200119018555,0
"37001",104,10.67300033569336,0
"37003",33,8.293000221252441,0
"37005",30,23.94499969482422,0
"37007",55,0.47099998593330383,0
"37009",28,1.5850000381469727,0
"37011",42,4.857999801635742,27
"37013",21,-0.5590000152587891,0
"37015",6,11.684000015258789,0
"37017",32,28.479999542236328,0
"37019",21,4.2220001220703125,0
"37021",164,11.100000381469727,34
"37023",32,52.77299880981445,41
"37025",79,3.1480000019073486,0
"37027",34,12.817000389099121,23
"37029",1,-1.0,0
"37031",1,10.204000473022461,0
"37033",141,1.9700000286102295,0
"37035",67,6.938000202178955,0
"37037",75,15.737000465393066,0
"37039",56,9.538000106811523,23
"37041",2,50.8650016784668,0
"37043",30,11.25100040435791,7
"37045",45,21.05699920654297,0
"37047",22,15.529999732971191,0
"37049",5,0.3880000114440918,46
"37051",144,5.335000038146973,0
"37057",106,4.610000133514404,0
"37059",58,56.41699981689453,0
"37061",49,1.753000020980835,0
"37063",83,7.081999778747559,0
"37065",30,0.6610000133514404,0
"37067",215,1.3229999542236328,0
"37069",94,4.288000106811523,0
"37071",98,1.4889999628067017,0
"37073",1,180.22000122070312,0
"37075",28,11.586000442504883,6
"37077",45,14.54699993133545,0
"37079",6,6.283999919891357,0
"37081",325,1.5709999799728394,0
"37083",32,18.93000030517578,0
"37085",100,2.7300000190734863,0
"37087",53,25.816999435424805,32
"37089",203,2.749000072479248,60
"37091",13,3.015000104904175,0
"37093",38,8.605999946594238,0
"37097",137,0.7670000195503235,0
"37099",101,5.519999980926514,59
"37101",113,5.630000114440918,0
"37103",1,18.638999938964844,4
"37105",42,4.681000232696533,0
"37107",19,16.01099967956543,62
"37109",76,5.593999862670898,0
"37111",45,13.859000205993652,38
"37113",110,4.730999946594238,239
"37115",39,29.934999465942383,5
"37117",10,0.14000000059604645,0
"37119",203,1.684000015258789,0
"37121",19,1.9550000429153442,15
"37123",47,24.56100082397461,34
"37125",206,4.361000061035156,0
"37127",52,10.904999732971191,0
"37129",6,0.34200000762939453,0
"37131",33,8.515999794006348,0
"37133",11,-0.6389999985694885,0
"37135",50,7.122000217437744,0
"37137",3,-0.5889999866485596,0
"37141",15,1.593999981880188,0
"37145",28,6.8480000495910645,0
"37147",15,2.9769999980926514,22
"37149",102,1.930999994277954,0
"37151",216,3.177000045776367,2
"37153",61,78.0979995727539,0
"37155",27,17.593000411987305,0
"37157",238,5.254000186920166,0
"37159",61,21.80500030517578,0
"37161",66,3.438999891281128,0
"37163",80,3.4639999866485596,0
"37165",29,12.29800033569336,0
"37167",49,4.239999771118164,0
"37169",114,2.0899999141693115,0
"37171",94,2.1050000190734863,0
"37173",35,22.275999069213867,36
"37175",123,2.552999973297119,113
"37179",99,3.888000011444092,0
"37181",33,3.822999954223633,0
"37183",400,4.135000228881836,0
"37185",7,19.420000076293945,0
"37189",51,2.3949999809265137,0
"37191",43,15.904999732971191,17
"37193",52,26.138999938964844,0
"37195",22,10.781999588012695,0
"37197",68,2.2309999465942383,0
"37199",22,2.1040000915527344,439
"39001",14,0.6019999980926514,0
"39009",1,2.2239999771118164,0
"39015",22,4.435999870300293,0
"39017",4,0.3140000104904175,0
"39025",39,21.899999618530273,0
"39027",20,6.644000053405762,0
"39053",6,0.5479999780654907,0
"39057",10,1.1619999408721924,0
"39061",22,3.4649999141693115,0
"39071",2,0.44600000977516174,0
"39073",1,-1.0,0
"39079",10,6.2220001220703125,0
"39087",9,2.808000087738037,0
"39145",8,930.3469848632812,0
"39163",9,8.491000175476074,0
"39165",38,9.376999855041504,0
"40001",89,20.490999221801758,0
"40003",25,302.4800109863281,0
"40005",83,12.656000137329102,53
"40007",358,3.683000087738037,0
"40009",316,1.3730000257492065,0
"40011",79,13.760000228881836,0
"40013",131,0.9620000123977661,0
"40015",496,2.246999979019165,13
"40017",228,1.819000005722046,49
"40019",85,6.010000228881836,0
"40021",128,0.574999988079071,0
"40023",32,112.04000091552734,0
"40025",178,2.515000104904175,0
"40027",64,8.789999961853027,103
"40029",102,3.6089999675750732,16
"40031",282,4.420000076293945,0
"40033",20,2.2300000190734863,0
"40035",17,2.444999933242798,0
"40037",276,3.506999969482422,0
"40039",416,5.434000015258789,0
"40041",93,1.7719999551773071,0
"40043",306,1.0720000267028809,0
"40045",260,1.3009999990463257,0
"40047",141,3.6630001068115234,0
"40049",208,2.9820001125335693,31
"40051",317,2.0190000534057617,135
"40053",25,0.6729999780654907,0
"40055",143,21.538000106811523,0
"40057",101,1.4390000104904175,0
"40059",444,1.0219999551773071,0
"40061",125,0.8320000171661377,0
"40063",220,2.0369999408721924,0
"40065",43,0.6349999904632568,0
"40067",43,34.50199890136719,0
"40069",65,5.3379998207092285,0
"40071",47,23.055999755859375,0
"40073",74,2.496000051498413,0
"40075",270,3.1070001125335693,0
"40077",72,3.750999927520752,19
"40079",224,9.168000221252441,46
"40081",343,1.5440000295639038,0
"40083",421,1.149999976158142,0
"40085",97,2.683000087738037,0
"40087",191,1.718999981880188,84
"40089",74,24.31800079345703,0
"40091",139,24.195999145507812,0
"40093",78,1.2109999656677246,0
"40095",54,2.065000057220459,0
"40097",25,180.03199768066406,0
"40099",148,3.371999979019165,0
"40101",147,25.43400001525879,0
"40103",225,2.9230000972747803,0
"40105",14,1.4889999628067017,0
"40107",89,2.4820001125335693,0
"40109",166,2.9089999198913574,2
"40111",214,2.056999921798706,0
"40113",383,14.484999656677246,0
"40115",9,2.3410000801086426,0
"40117",228,1.3940000534057617,0
"40119",386,1.3029999732971191,0
"40121",272,1.75600004196167,1
"40123",276,2.078000068664551,76
"40125",91,3.171999931335449,25
"40127",53,12.984999656677246,0
"40129",750,1.593000054359436,61
"40131",41,83.06700134277344,0
"40133",80,3.190999984741211,0
"40135",106,28.062999725341797,0
"40137",219,2.624000072479248,0
"40139",184,15.217000007629395,0
"40141",47,4.440999984741211,0
"40143",92,38.6619987487793,0
"40145",58,66.9260025024414,0
"40147",39,2.859999895095825,0
"40149",402,2.302999973297119,0
"40151",258,0.8939999938011169,0
"40153",365,8.541999816894531,0
"42001",22,4.816999912261963,0
"42009",6,6.875,0
"42055",33,20.283000946044922,0
"42057",2,1.4880000352859497,0
"42111",1,0.4699999988079071,0
"45001",37,42.45000076293945,0
"45003",270,2.696000099182129,1
"45005",48,3.2820000648498535,0
"45007",96,18.781999588012695,23
"45009",34,4.24399995803833,0
"45011",73,2.6689999103546143,0
"45013",16,1.5470000505447388,1
"45015",43,24.347999572753906,173
"45017",126,2.5929999351501465,0
"45019",23,-0.4390000104904175,63
"45021",59,10.218999862670898,0
"45023",39,18.33099937438965,6
"45025",172,3.7909998893737793,3
"45027",49,6.09499979019165,1
"45029",19,5.2779998779296875,0
"45031",76,7.357999801635742,0
"45033",22,13.807000160217285,0
"45035",13,20.295000076293945,0
"45037",171,1.2580000162124634,63
"45039",56,35.512001037597656,22
"45041",42,9.305999755859375,0
"45043",14,2.1070001125335693,0
"45045",180,3.125,5
"45047",43,14.550000190734863,17
"45049",24,12.026000022888184,0
"45051",43,5.551000118255615,0
"45053",17,1.9119999408721924,0
"45055",113,14.670000076293945,0
"45057",63,15.61400032043457,0
"45059",102,9.836000442504883,21
"45061",35,4.9710001945495605,0
"45063",230,3.2929999828338623,4
"45065",20,5.980999946594238,67
"45067",10,6.017000198364258,0
"45069",65,9.345999717712402,0
"45071",51,0.8180000185966492,93
"45073",76,15.244999885559082,137
"45075",186,2.4210000038146973,1
"45077",73,8.781999588012695,92
"45079",196,2.437000036239624,0
"45081",53,1.8910000324249268,13
"45083",174,8.706999778747559,1
"45085",65,7.585000038146973,0
"45087",28,51.20399856567383,65
"45089",32,2.069000005722046,6
"45091",70,21.086999893188477,1
"47001",37,1.4170000553131104,0
"47003",45,13.494999885559082,0
"47005",37,0.5490000247955322,0
"47007",57,4.104000091552734,0
"47009",90,9.70300006866455,0
"47011",39,3.0280001163482666,1
"47013",33,4.401000022888184,0
"47015",18,10.036999702453613,2
"47017",54,0.9120000004768372,0
"47019",30,11.51200008392334,0
"47021",36,62.67499923706055,0
"47023",22,0.47099998593330383,0
"47025",22,8.9399995803833,0
"47027",28,38.34700012207031,0
"47029",34,42.27000045776367,74
"47031",39,1.9550000429153442,10
"47033",9,0.20399999618530273,0
"47035",174,3.005000114440918,1
"47037",113,30.417999267578125,7
"47039",18,0.2720000147819519,0
"47041",14,37.69200134277344,0
"47043",104,0.7239999771118164,0
"47045",39,-0.17800000309944153,0
"47047",88,0.07999999821186066,0
"47049",45,3.6459999084472656,0
"47051",75,14.657999992370605,0
"47053",66,4.505000114440918,0
"47055",66,11.76099967956543,0
"47057",37,24.4060001373291,0
"47059",89,14.751999855041504,36
"47061",47,0.753000020980835,0
"47063",11,1.722000002861023,4
"47065",85,15.881999969482422,0
"47067",7,8.961999893188477,0
"47069",122,0.9750000238418579,0
"47071",53,345.8240051269531,2
"47073",35,28.43000030517578,1
"47075",39,-0.057999998331069946,0
"47077",43,2.4739999771118164,0
"47079",88,1.0379999876022339,0
"47081",34,0.5230000019073486,0
"47083",18,0.4909999966621399,0
"47085",48,0.9350000023841858,0
"47087",36,9.944000244140625,0
"47089",32,1.3539999723434448,0
"47091",25,2.684999942779541,13
"47093",47,12.168999671936035,1
"47095",2,-0.41200000047683716,0
"47097",48,3.075000047683716,0
"47099",96,2.6710000038146973,3
"47101",20,16.405000686645508,0
"47103",72,16.611000061035156,0
"47105",44,74.22100067138672,0
"47107",78,3.3340001106262207,1
"47109",50,1.3229999542236328,0
"47111",53,0.5989999771118164,0
"47113",82,1.246000051498413,0
"47115",37,55.03300094604492,0
"47117",25,29.639999389648438,0
"47119",84,10.305000305175781,0
"47121",24,0.4779999852180481,0
"47123",64,4.520999908447266,8
"47125",25,2.5959999561309814,0
"47127",16,0.7540000081062317,0
"47129",53,0.4560000002384186,0
"47131",66,2.4830000400543213,0
"47133",15,3.5280001163482666,0
"47135",4,0.39899998903274536,0
"47137",9,1.3650000095367432,0
"47139",41,9.467000007629395,19
"47141",36,2.438999891281128,0
"47143",63,1.4609999656677246,0
"47145",42,24.41699981689453,0
"47147",48,7.809000015258789,0
"47149",36,11.640000343322754,0
"47151",28,1.055999994277954,0
"47153",27,0.8370000123977661,0
"47155",70,35.672000885009766,0
"47157",137,0.12300000339746475,0
"47159",36,74.38800048828125,0
"47161",17,4.309999942779541,27
"47163",56,9.815999984741211,0
"47165",71,1.6169999837875366,0
"47167",44,0.1720000058412552,0
"47169",11,0.4390000104904175,0
"47171",14,79.427001953125,22
"47173",5,2.2300000190734863,0
"47175",19,0.9319999814033508,0
"47177",40,15.8149995803833,0
"47179",62,2.509000062942505,16
"47181",43,2.5739998817443848,1
"47183",50,0.7870000004768372,0
"47185",25,2.2070000171661377,1
"47187",127,0.8799999952316284,0
"47189",35,0.5009999871253967,0
"48001",241,1.6130000352859497,0
"48003",4,1.2059999704360962,0
"48005",25,1.3450000286102295,25
"48007",1,-1.0,0
"48009",49,2.490999937057495,0
"48011",67,1.4149999618530273,0
"48013",75,7.418000221252441,0
"48015",28,0.625,0
"48017",3,0.4869999885559082,0
"48019",307,3.500999927520752,0
"48021",102,2.635999917984009,0
"48023",29,23.229000091552734,0
"48025",36,2.3420000076293945,0
"48027",88,35.742000579833984,0
"48029",141,5.168000221252441,0
"48031",114,4.913000106811523,0
"48033",73,1.3279999494552612,0
"48035",135,19.558000564575195,0
"48037",24,2.5260000228881836,0
"48039",57,3.7699999809265137,0
"48041",48,1.159000039100647,1
"48043",388,5.617000102996826,0
"48045",66,3.490999937057495,0
"48047",2,84.91300201416016,0
"48049",189,4.017000198364258,0
"48051",49,1.1480000019073486,0
"48053",125,4.048999786376953,0
"48055",45,6.803999900817871,0
"48057",18,0.3479999899864197,0
"48059",163,5.4019999504089355,0
"48061",44,0.7269999980926514,0
"48063",20,3.062999963760376,0
"48065",13,4.559999942779541,0
"48067",37,218.91200256347656,0
"48069",6,7.625999927520752,0
"48071",14,45.31800079345703,0
"48073",118,19.533000946044922,0
"48075",27,9.430999755859375,0
"48077",94,11.12399959564209,0
"48081",70,11.472999572753906,0
"48083",264,6.199999809265137,0
"48085",154,11.956000328063965,0
"48087",83,5.703999996185303,0
"48089",23,0.8420000076293945,0
"48091",85,3.940999984741211,0
"48093",113,5.296000003814697,0
"48095",74,18.86400032043457,0
"48097",152,4.61899995803833,0
"48099",75,13.678000450134277,0
"48101",32,2.6429998874664307,0
"48105",32,10.991000175476074,0
"48107",29,15.710000038146973,0
"48109",153,5.0,0
"48111",6,0.4690000116825104,0
"48113",74,12.093999862670898,0
"48115",8,2.0339999198913574,0
"48117",15,2.109999895095825,0
"48119",11,2.865999937057495,0
"48121",197,2.805999994277954,0
"48123",70,28.83799934387207,0
"48125",97,4.176000118255615,0
"48127",70,6.934999942779541,0
"48129",91,2.184999942779541,0
"48131",37,9.380999565124512,0
"48133",96,5.309999942779541,0
"48135",4,-0.20000000298023224,0
"48137",23,45.48099899291992,0
"48139",140,6.230000019073486,0
"48141",68,2.697999954223633,0
"48143",371,3.8340001106262207,0
"48145",36,2.246000051498413,0
"48147",73,5.065000057220459,0
"48149",66,2.2330000400543213,0
"48151",6,9.265000343322754,0
"48153",13,4.361000061035156,0
"48155",23,3.0290000438690186,0
"48157",26,27.011999130249023,0
"48159",15,13.092000007629395,0
"48161",72,3.8289999961853027,0
"48163",38,8.211000442504883,0
"48165",1,5.676000118255615,0
"48167",2,-0.164000004529953,0
"48169",70,15.586000442504883,0
"48171",163,8.243000030517578,0
"48175",56,2.8529999256134033,0
"48177",42,17.10300064086914,0
"48179",116,5.248000144958496,0
"48181",140,115.89399719238281,0
"48183",27,17.56800079345703,0
"48185",88,4.96999979019165,0
"48187",50,5.2729997634887695,0
"48189",5,15.644000053405762,0
"48191",57,5.791999816894531,0
"48193",89,27.06100082397461,0
"48195",10,73.03399658203125,0
"48197",24,6.816999912261963,0
"48199",3,65.93499755859375,0
"48201",42,11.246000289916992,0
"48203",73,3.3369998931884766,0
"48205",22,37.29399871826172,0
"48207",23,4.39300012588501,0
"48209",134,4.9730000495910645,0
"48211",162,4.741000175476074,0
"48213",143,21.18000030517578,0
"48215",23,5.159999847412109,0
"48217",139,6.129000186920166,0
"48219",1,5.88700008392334,0
"48221",113,23.21299934387207,0
"48223",56,6.9770002365112305,0
"48225",97,2.611999988555908,35
"48227",14,11.940999984741211,0
"48229",251,4.848999977111816,0
"48231",40,6.315000057220459,0
"48233",23,4.270999908447266,0
"48235",5,15.456000328063965,0
"48237",158,3.634000062942505,0
"48239",6,-0.6579999923706055,0
"48241",32,4.921000003814697,9
"48243",259,3.124000072479248,0
"48245",9,1.5299999713897705,0
"48247",3,12.605999946594238,0
"48249",10,36.70199966430664,0
"48251",98,5.660999774932861,0
"48253",16,124.91100311279297,0
"48255",148,1.8630000352859497,0
"48257",110,4.409999847412109,0
"48259",164,2.492000102996826,0
"48261",1,10.125,0
"48263",36,4.920000076293945,0
"48265",304,2.4609999656677246,8
"48267",81,13.381999969482422,0
"48269",85,4.560999870300293,0
"48271",27,51.50899887084961,0
"48273",8,7.931000232696533,0
"48275",22,7.223999977111816,0
"48277",91,10.03600025177002,0
"48279",3,4.440000057220459,0
"48281",31,5.005000114440918,0
"48283",79,11.454000473022461,0
"48285",10,1.371999979019165,0
"48287",30,1.1480000019073486,0
"48289",153,6.678999900817871,0
"48291",29,10.371999740600586,0
"48293",37,9.454999923706055,0
"48295",7,9.579999923706055,0
"48297",31,72.99800109863281,0
"48299",101,5.304999828338623,0
"48301",4,264.8169860839844,0
"48303",10,2.1689999103546143,0
"48305",6,0.6679999828338623,0
"48307",122,3.621000051498413,0
"48309",102,27.124000549316406,0
"48311",122,28.823999404907227,0
"48313",40,1.3229999542236328,0
"48315",6,4.815999984741211,0
"48317",1,0.6980000138282776,0
"48319",195,4.910999774932861,0
"48321",9,30.934999465942383,0
"48323",76,186.24200439453125,0
"48325",141,4.888000011444092,0
"48327",77,3.9119999408721924,0
"48329",1,-1.0,0
"48331",89,1.7230000495910645,0
"48333",168,3.2829999923706055,0
"48335",31,33.15399932861328,0
"48337",329,3.0959999561309814,0
"48339",113,13.072999954223633,38
"48341",30,4.2779998779296875,0
"48343",17,7.59499979019165,0
"48345",50,6.073999881744385,0
"48347",57,8.630999565124512,0
"48349",124,8.300000190734863,0
"48351",15,1.4609999656677246,0
"48353",81,6.156000137329102,0
"48355",7,4.565000057220459,0
"48357",11,26.408000946044922,0
"48359",67,4.689000129699707,0
"48361",2,-0.4959999918937683,0
"48363",298,16.68600082397461,0
"48365",28,2.9639999866485596,0
"48367",264,2.562999963760376,0
"48369",12,3.319000005722046,0
"48371",137,5.991000175476074,0
"48373",62,25.1560001373291,0
"48375",50,7.89300012588501,0
"48377",264,3.0450000762939453,0
"48379",20,1.7910000085830688,0
"48381",37,5.335999965667725,0
"48383",1,4.005000114440918,0
"48385",80,7.0879998207092285,0
"48387",71,1.2450000047683716,0
"48389",56,4.863999843597412,0
"48391",3,0.1589999943971634,0
"48393",69,2.4040000438690186,0
"48395",60,4.918000221252441,0
"48397",31,3.2769999504089355,0
"48399",70,78.73799896240234,0
"48401",51,20.417999267578125,0
"48403",8,0.9259999990463257,41
"48405",6,6.242000102996826,68
"48407",27,5.791999816894531,32
"48409",9,1.4850000143051147,0
"48411",146,4.741000175476074,0
"48413",8,42.198001861572266,0
"48415",28,42.30699920654297,0
"48417",70,4.5879998207092285,0
"48419",28,7.910999774932861,6
"48421",10,25.000999450683594,0
"48423",194,2.9159998893737793,0
"48425",42,3.747999906539917,0
"48427",23,313.89898681640625,0
"48429",114,16.173999786376953,0
"48431",10,47.71500015258789,0
"48433",43,4.872000217437744,0
"48435",19,12.597999572753906,0
"48437",10,8.548999786376953,0
"48439",104,11.725000381469727,0
"48441",100,7.677000045776367,0
"48443",43,8.916999816894531,0
"48447",61,4.150000095367432,0
"48449",40,13.458999633789062,0
"48451",54,17.229000091552734,0
"48453",203,3.11299991607666,0
"48455",44,0.6520000100135803,9
"48457",67,63.56800079345703,0
"48459",116,6.839000225067139,0
"48461",6,6.046000003814697,0
"48463",96,16.73699951171875,0
"48465",23,604.1090087890625,0
"48467",137,16.422000885009766,0
"48469",8,120.52799987792969,0
"48471",112,1.496999979019165,26
"48473",15,4.201000213623047,0
"48475",1,0.9120000004768372,0
"48477",57,44.323001861572266,0
"48479",179,9.954999923706055,0
"48481",11,8.338000297546387,0
"48483",109,3.746999979019165,0
"48485",30,38.016998291015625,0
"48487",36,12.317000389099121,0
"48489",4,-0.4970000088214874,0
"48491",95,21.382999420166016,0
"48493",52,24.797000885009766,0
"48495",1,0.7089999914169312,0
"48497",489,4.5980000495910645,0
"48499",179,2.1429998874664307,0
"48503",35,19.170000076293945,0
"48505",93,2.872999906539917,0
"48507",50,25.016000747680664,0
"51001",5,4.10699987411499,0
"51003",262,3.930999994277954,0
"51005",27,11.612000465393066,129
"51007",189,1.3639999628067017,0
"51009",88,6.474999904632568,79
"51011",45,1.878000020980835,0
"51013",2,0.5299999713897705,0
"51015",88,12.718000411987305,45
"51017",21,57.849998474121094,194
"51019",80,14.996999740600586,41
"51021",31,1.909999966621399,0
"51023",63,2.7009999752044678,93
"51025",24,26.19300079345703,0
"51027",53,0.722000002861023,0
"51029",151,2.9130001068115234,0
"51031",51,25.204999923706055,0
"51033",233,3.384000062942505,0
"51035",35,4.083000183105469,0
"51036",11,15.932000160217285,48
"51037",31,7.927999973297119,0
"51041",150,3.140000104904175,88
"51043",29,1.034000039100647,0
"51045",43,2.825000047683716,301
"51047",77,2.246000051498413,0
"51049",135,1.75,0
"51051",51,9.927000045776367,0
"51053",66,5.853000164031982,0
"51057",69,3.1500000953674316,0
"51059",128,1.7790000438690186,0
"51061",361,0.9020000100135803,0
"51063",28,1.0520000457763672,0
"51065",99,0.949999988079071,0
"51067",20,26.667999267578125,0
"51069",133,1.190999984741211,0
"51071",20,3.7980000972747803,63
"51073",27,7.058000087738037,0
"51075",166,1.6770000457763672,0
"51077",38,29.07200050354004,0
"51079",30,1.4579999446868896,0
"51081",19,19.910999298095703,0
"51083",82,16.645999908447266,0
"51085",282,2.1630001068115234,4
"51087",56,3.065999984741211,61
"51089",25,36.76599884033203,0
"51091",15,1.2710000276565552,233
"51093",51,6.117000102996826,0
"51095",49,4.173999786376953,34
"51097",77,3.3919999599456787,0
"51099",29,3.4560000896453857,0
"51101",74,3.940999984741211,0
"51103",23,2.3259999752044678,0
"51105",42,1.0579999685287476,0
"51107",292,3.4719998836517334,0
"51109",163,5.215000152587891,0
"51111",20,6.1479997634887695,0
"51113",36,1.715000033378601,0
"51117",28,58.047000885009766,0
"51119",19,3.0490000247955322,0
"51121",44,10.842000007629395,16
"51125",80,4.870999813079834,61
"51127",41,7.578999996185303,0
"51131",8,1.4490000009536743,0
"51133",16,4.058000087738037,0
"51135",129,2.197000026702881,0
"51137",72,15.182999610900879,0
"51139",8,51.358001708984375,0
"51141",20,6.311999797821045,0
"51143",114,3.38700008392334,0
"51145",162,2.3959999084472656,4
"51147",179,2.6470000743865967,0
"51149",42,4.617000102996826,24
"51153",106,7.317999839782715,1
"51155",44,15.97599983215332,0
"51157",15,2.5269999504089355,0
"51159",41,5.03000020980835,0
"51161",17,51.01300048828125,10
"51163",69,3.3580000400543213,55
"51165",63,24.479000091552734,465
"51167",37,4.068999767303467,101
"51169",11,1.4290000200271606,95
"51171",37,7.216000080108643,0
"51173",26,6.578999996185303,0
"51175",38,6.013000011444092,0
"51177",87,5.859000205993652,0
"51179",58,5.355000019073486,0
"51181",15,7.421999931335449,7
"51183",62,7.111000061035156,0
"51185",33,5.090000152587891,137
"51187",22,23.381000518798828,0
"51191",47,10.835000038146973,0
"51193",65,3.0,0
"51195",112,1.753000020980835,0
"51197",60,1.6699999570846558,0
"51199",22,3.6110000610351562,0
"51510",1,1.1119999885559082,0
"51520",2,25.416000366210938,0
"51530",2,14.8100004196167,1
"51540",1,0.004000000189989805,0
"51550",4,2.390000104904175,0
"51570",1,1.930999994277954,4
"51580",1,0.23499999940395355,0
"51590",11,37.499000549316406,0
"51595",1,1814.3399658203125,0
"51600",1,0.8849999904632568,0
"51620",1,2.00600004196167,0
"51630",1,0.48399999737739563,0
"51660",1,6.953999996185303,0
"51670",0,0.0,9
"51678",1,41.417999267578125,0
"51680",9,14.956999778747559,0
"51683",4,0.1720000058412552,0
"51690",1,2.9579999446868896,0
"51700",13,1.503999948501587,0
"51710",3,3.994999885559082,0
"51720",3,4.590000152587891,0
"51730",9,1.996000051498413,18
"51760",15,3.430999994277954,11
"51770",2,0.22699999809265137,0
"51800",42,4.927000045776367,0
"51810",7,0.9399999976158142,0
"51820",1,5.505000114440918,0
"51830",5,2.244999885559082,0
"51840",2,0.03200000151991844,0
"54003",9,5.7129998207092285,0
"54005",12,-0.42399999499320984,0
"54007",1,1106.385009765625,0
"54011",6,0.7440000176429749,0
"54015",3,8.392000198364258,0
"54019",11,157.44900512695312,0
"54023",24,9.791999816894531,1
"54025",4,12.815999984741211,0
"54027",9,1.5160000324249268,0
"54031",11,15.333000183105469,27
"54035",1,27.57200050354004,0
"54037",8,173.19700622558594,0
"54039",22,49.86000061035156,0
"54043",2,63.757999420166016,0
"54045",7,2.4739999771118164,0
"54047",10,2.799999952316284,0
"54053",3,937.1370239257812,0
"54055",20,3.5250000953674316,0
"54057",37,10.881999969482422,0
"54059",9,2.9809999465942383,0
"54063",3,2.3580000400543213,18
"54065",30,48.04600143432617,0
"54067",7,203.21600341796875,0
"54071",20,14.026000022888184,6
"54075",6,3.063999891281128,0
"54079",14,205.87399291992188,0
"54081",17,8.630999565124512,0
"54087",3,1.8329999446868896,0
"54089",4,874.60400390625,0
"54099",7,75.33999633789062,0
"54101",4,2.068000078201294,0
"54109",6,213.19700622558594,0
"72013",0,0.0,1
"72127",0,0.0,7
